,title,few,people,time,install,tag,detail
0,99《バーストゲーム》,無料,2~8人,6~15分,不要,盛り上がる対人ボードゲーム対戦, 99を超えたらバースト！簡単気軽なトランプゲーム！ 99《バーストゲーム》は、数字の合計が「99」を超えないように手札を出し合うゲームです。各プレイヤーは3つライフを持っており、「99」を超えるとバーストしライフが1つ減ります。最後の1人になるまで残ることができれば勝利となります。トランプには「数字がそのままポイントが加算されるカード」と「特殊な効果を持つカード」の2種類あります。ゲームの流れとトランプの効果については下記の通りです。   【ゲームの流れ】 ①スタート時に自動で手札3枚が配られます。 ②各プレイヤーは順番に手札から1枚カードを出します。 ③99を超えたプレイヤーのライフが１つ減ります。ライフがなくなるとそのプレイヤーはゲームから除外され観戦モードになります。 ④最後の1になるまで②～③を繰り返します。最後の1人なった人が勝利です。   【カードの効果】 ○数字がそのままポイントが加算されるカード 「２・３・５・６・７・８」……数字分のポイント追加。 ○特殊な効果を持つカード 「1」……加算する数字を１か11のどちらかを選べる。 「４」……ポイント増減せず手順を逆周りにする。 「９」……ポイント増減なし。 「１０」……１０ポイント減算する。 「Ｊ・Ｑ」……１０ポイント追加する。 「Ｋ」……ポイントを９９にする。   ルールがシンプルで初めての人でも楽しめるため、悩んだらとりあえず「99《バーストゲーム》」がで遊ぶのがおすすめです。 その他にも無料でルールが簡単＆短時間で遊べるゲームを紹介しています！ ↓まとめ記事はこちら↓ ボードゲームアリーナで楽しめるおすすめのボードゲーム5選｜魅力や特徴もご紹介！   複数人で遊ぶ方法 このゲームはBGA（ボードゲームアリーナ）で遊ぶ事ができます。BGAに登録してない場合は、まず登録をしましょう。 登録方法は、こちらを参考にして下さい（↓）。BGAがどんなサイトかについても書いてあります。 ボードゲームアリーナの登録方法｜無料でボードゲームを遊べるブラウザゲームサイト   登録が完了したら、フレンドの追加を行いましょう。 リンクを開くとゲームのホーム画面になるので、「スタート」の下にあるプレイヤーにフレンドを追加しましょう。自分のアイコンの右隣の＋（プラス）を押すとフレンド名が検索でき招待することができます。また、「招待リンク」をクリックして表示すると、リンクが表示されるので共有すれば招待することができます。   解説動画はこちら↓  
1,DOBBLE（ドブル）,無料,2~8人,3~5分,不要,盛り上がる対人リアルタイムボードゲーム発想力対戦, 同じマークを探し出せ！判断力・瞬発力が試されるスピードバトル！ DOBBLE（ドブル）［別名：Spot it!］は、手札と山札の2枚のカードに描かれた同じマークを誰よりも早く探し出すゲームです。カードは全部で55枚あり、8つの大小様々なマークが描かれています。2枚のカードには同じマークの組み合わせが1つしかないのでそれを誰よりも早く見つけ出します。最終に所有しているカードの枚数によって勝敗を決めます。ルールがシンプルで1回当たりのプレイ時間も短いので初めての人でも気楽に楽しむことができます。ゲームモードは全部で5つありますが、一般的な「タワーリングインフェルノゲーム」の流れについて紹介します。どのゲームモードも同じマークを見つけることは共通です。   【タワーリングインフェルノゲームの流れ】＊ブラウザ版では〈〉は自動で行います。 ①〈各プレイヤーに裏向きにカード1枚を配り、残りを表向きに山札として中央に置きます。〉 ②各プレイヤーは一斉にカードを表向きにし、山札のカードのマークと自分のカードの共通マークをいち早くクリック（宣言）する。 ③最初にクリック（宣言）できたプレイヤーは山札からそのカードを獲得できます。 ④山札が尽きるまで②～③を続け、最後に最もカードを獲得したプレイヤーの勝利となります。   複数人いる場合は、トーナメント形式にやっても楽しめます！ DOBBLE（ドブル）の他にも、無料で簡単・短時間で遊べる、頭を使うボードゲームや協力プレイできるボードゲームを紹介しています！ ↓まとめ記事はこちら↓ ボードゲームアリーナで楽しめるおすすめのボードゲーム5選｜魅力や特徴もご紹介！   複数人で遊ぶ方法 このゲームはBGA（ボードゲームアリーナ）で遊ぶ事ができます。BGAに登録してない場合は、まず登録をしましょう。 登録方法は、こちらを参考にして下さい（↓）。BGAがどんなサイトかについても書いてあります。 ボードゲームアリーナの登録方法｜無料でボードゲームを遊べるブラウザゲームサイト   登録が完了したら、フレンドの追加を行いましょう。 リンクを開くとゲームのホーム画面になるので、「スタート」の下にあるプレイヤーにフレンドを追加しましょう。自分のアイコンの右隣の＋（プラス）を押すとフレンド名が検索でき招待することができます。また、「招待リンク」をクリックして表示すると、リンクが表示されるので共有すれば招待することができます。     プレイ動画はこちら↓  
2,BANDIDO（バンディド）,無料,1~4人,7~15分,不要,パズル盛り上がる協力ボードゲーム発想力, 仲間と協力して盗賊を閉じ込めろ！協力型ボードゲーム！ BANDEDO（バンディド）はプレイヤー同士が協力して、盗賊のトンネルを全て封鎖し脱獄の阻止を目指すゲームです。 ルールがシンプルであり1ゲームの時間が短いので、全員協力型のボードゲームですが初めての人でもすぐに始めることができます。 各プレイヤーは3枚の道が描かれたカードを順番に置いていき道をふさぎます。山札がなくなる前に道をふさげれば勝利！ふさげなければ敗北...となります。 ゲームの細かい流れは次の通りです。   【ゲームの流れ】 ①各プレイヤーは山札から3枚ずつ道カードを受け取ります。（他のプレイヤーのカードは見ることができません） ②1番目のプレイヤーから道カードを順番に置いていきます。この際注意点があり、道カードは必ず全ての道がつながるように置かなくてはいけません！ただ、道がつながるのであれば縦置き横置きでも大丈夫です。 カードを置き終わったら山札からカードを1枚引きます。（もしカードが置けない場合は、手札を全て捨てて山札から3枚引きます。） ＊山札は合計69枚あり、通常の道カードが24種類×2枚で48枚、行き止まり道カードが7種類×3枚で21枚あります。 ③次のプレイヤーに移り、②を繰り繰り返していきます。山札がなくなる前に道をふさげば勝利となります。   仲間の手持ちカードを考えながら協力して閉じ込められた時の達成感を是非味わってみてください！ BANDEDO（バンディド）の他にも無料でルールが簡単＆短時間で遊べるゲームを紹介しています！ ↓まとめ記事はこちら↓ ボードゲームアリーナで楽しめるおすすめのボードゲーム5選｜魅力や特徴もご紹介！   複数人で遊ぶ方法 このゲームはBGA（ボードゲームアリーナ）で遊ぶ事ができます。BGAに登録してない場合は、まず登録をしましょう。 登録方法は、こちらを参考にして下さい（↓）。BGAがどんなサイトかについても書いてあります。 ボードゲームアリーナの登録方法｜無料でボードゲームを遊べるブラウザゲームサイト   登録が完了したら、フレンドの追加を行いましょう。 リンクを開くとゲームのホーム画面になるので、「スタート」の下にあるプレイヤーにフレンドを追加しましょう。自分のアイコンの右隣の＋（プラス）を押すとフレンド名が検索でき招待することができます。また、「招待リンク」をクリックして表示すると、リンクが表示されるので共有すれば招待することができます。   是非、友人や家族とBANDEDOで協力プレイを楽しんでみてください。   プレイ動画はこちら↓  
3,トゥーンブラスト（Toon Blast）,基本無料,1人,3~10分,必須,チーム戦発想力, ＊PR アイテムの組み合わせを駆使して難解パズルを攻略せよ！   トゥーンブラスト（ToonBlast）はシンプルながら奥深いパズルゲームであり、先の先を考えながらプレイするのが好きな人にオススメなゲームです。 操作はシンプルで、ブロックをタップするだけです。同じ色の上下左右に隣り合った2つ以上のブロックを消し、各ステージに設けられたクリア条件をムーブ数（回数制限）内で、達成していくことを目指していきます。様々な形状のステージやギミックの中、全ての風船や箱を破壊することや泡に包まれたブロックを消す等色々な種類のクリア条件があり飽きることなくプレイできます。1ステージは3分ぐらいで終わるのでちょっとした空き時間の暇つぶしにもおすすめです。   トゥーンブラストにはよくあるようなコンボ消しはありませんが、一定数のブロックを同時に消すとアイテムが出現します。アイテムは全3種類で「ロケット」、「爆弾」、「ディスコ」があります。また、アイテム同士を隣り合うよう置くと組み合わせて使う事ができ、通常よりも多くのブロックを消す事ができます。尚、組み合わせは2種類のみとなり、3つ以上組み合わさった場合、「ディスコ」＞「爆弾」＞「ロケット」の優先順位で組み合わせが決定されます。 （例）「ロケット」＋「爆弾」＋「ディスコ」の3種類は、「ディスコ」＋「爆弾」の組み合わせとなります。 ステージクリアには、アイテムの使用が必須になるので必ず特徴については押さえておきましょう。   【アイテムの特徴と組み合わせ】 ・「ロケット」（5～6個同時消し） ロケットの方角に向かって縦または横の一列を全て消します。 ・「爆弾」（7～8個同時消し） 爆発して3×3マスの範囲を全て消します。 ・「ディスコ」（9個以上同時消し） ディスコと同じ色のブロックを全て消します。 ・「ロケット」＋「ロケット」（組み合わせ） 縦1列、横1列を全て消します。 ・「爆弾」＋「爆弾」（組み合わせ） 7×7マスの範囲を全て消します。 ・「ディスコ」＋「ディスコ」（組み合わせ） 全てのブロックを消します。（ディスコの色は関係ないです） ・「ロケット」＋「爆弾」（組み合わせ） 縦3列、横3行を全て消します。 ・「ロケット」＋「ディスコ」（組み合わせ） ディスコと同じ色のブロックがロケットに変わります。 ・「爆弾」＋「ディスコ」（組み合わせ） ディスコと同じ色のブロックが爆弾に変わります。 「ディスコ」＋「ディスコ」と「ロケット」＋「ディスコ」の組み合わせが様々なステージに効果的なのでオススメです。 上記の他にも使用回数制限があるスペシャルアイテムやサポートアイテムがありますが、貴重なので後半の理不尽なステージに使用するようにしましょう。   オンラインチームへの参加 トゥーンブラストではチームに参加することができ、メンバー間で雑談や攻略法の共有を行ったりと、みんなで協力しながら楽しむ事ができます。 チームに参加すると、「チームトーナメント」への参加が可能になったり、ライフをもらえたりとメリットがあります。ただし、「チームトーナメント」に参加する場合は10人以上必要となるので注意が必要です。 是非仲のいい友達や家族と協力しながら楽しんでみてください。   解説動画はこちら↓  
4,SKULL（スカル）,無料,3~6人,5~15分,不要,盛り上がる推理対人ボードゲーム対戦, 勝利の花か死のドクロか。SKULLで駆け引きの極限へ SKULL（スカル）は、心理戦とブラフが魅力のボードゲームです。ルールがシンプルで、手軽にプレイヤー同士の駆け引きを楽しむことができます。運も重要な要素になりますが、洞察力と戦略性次第では勝利することができるゲームです。このゲームは、花とドクロの2種類のディスクを使ってプレイします。各プレイヤーが伏せたディスクの内、花ディスクの枚数を予想して宣言して2回当てることができれば勝利となります。ドクロディスクを引いてしまうとアウトとなりペナルティが与えられます。 ゲームの細かい流れは次の通りです。   【ゲームの流れ】①    プレイヤーは、初めに4枚のディスク（3枚の花と1枚のドクロ）を持っています。②    毎ラウンドの初めに、すべてのプレイヤーは伏せた状態で場にディスクを1枚ずつ置きます。③    置き終わったらスタートプレイヤーから画面上部のバーから次のアクションを選択します。A：花をプレイする手持ちの花ディスクを自分のディスクに重ねます。ない場合は置けません。終了したら次の人に代わり、アクションCが選択されるまで続けます。B：ドクロをプレイする手持ちのドクロディスクを自分のディスクに重ねます。ない場合は置けません。終了したら次の人に代わり、アクションCが選択されるまで続けます。C：数字場に出ているディスクの内、裏返すディスクの枚数を宣言します。場に出ているディスクの枚数分の数字を選択できます。（花ディスクの枚数を当てるようにしましょう）④    アクションCが選択されたら、各プレイヤーは順番に、「他のプレイヤーの宣言枚数より多くの枚数を宣言する」か「パス」するかを選択します。最終的に宣言枚数の多いプレイヤーがディスクを裏返します。⑤    裏返すプレイヤーはまず、自分のディスクを全て裏返します。宣言枚数に達しない場合は、他のプレイヤーのディスクを上から順に裏返す事ができます。⑥    宣言枚数を裏返し、全て花ディスクであればそのプレイヤーに1ポイント入ります。（2ポイント獲得で勝利となります）。尚、スカルを引いた場合は、そのプレイヤーのディスクから1枚ランダムで減らして②から再スタートします。この時点でディスクがなくなったプレイヤーは負けとなります。   ブラフをうまく使いこなし、ぜひ心理戦を楽しんでみてください！ SKULL（スカル）の他にも、無料で簡単・短時間で遊べる、頭を使うボードゲームや協力プレイできるボードゲームを紹介しています！ ↓まとめ記事はこちら↓ ボードゲームアリーナで楽しめるおすすめのボードゲーム5選｜魅力や特徴もご紹介！   複数人で遊ぶ方法 このゲームはBGA（ボードゲームアリーナ）で遊ぶ事ができます。BGAに登録してない場合は、まず登録をしましょう。 登録方法は、こちらを参考にして下さい（↓）。BGAがどんなサイトかについても書いてあります。 ボードゲームアリーナの登録方法｜無料でボードゲームを遊べるブラウザゲームサイト   登録が完了したら、フレンドの追加を行いましょう。 リンクを開くとゲームのホーム画面になるので、「スタート」の下にあるプレイヤーにフレンドを追加しましょう。自分のアイコンの右隣の＋（プラス）を押すとフレンド名が検索でき招待することができます。また、「招待リンク」をクリックして表示すると、リンクが表示されるので共有すれば招待することができます。   是非、SKULLで究極の駆け引きを味わってみてください！    
5,CATAN（カタン）,基本無料,1~4人,30~90分,不要,対人ボードゲーム対戦, 資源を巡る戦略と交渉の舞台、カタンで未来の開拓者へ！ 「カタン」は、島を開拓して資源を収集し、勝利ポイントを獲得する戦略的なボードゲームです。 プレイヤーは獲得した資源から、開拓地や都市を建設し発展させることで勝利ポイントを得ることができ、 一定の勝利ポイントを先に達成したプレイヤーが勝利となります。(無料版は10ポイントで勝利)   2分でざっくりわかる！ゲームの流れと基本ルール ○初めの作業 それぞれのプレイヤーは拠点(街道＋開拓地のセット)を2回設置します。 設置する順番はA→B→C→D→D→C→B→Aの通りとなります。(3人の場合はDがなくなります) ～設置のポイント！～ タイルの数字の下の点が多い程、資源を獲得する確率が高くなります。 赤い数字のタイルが最も確率が高くなるので初めのうちはそこを中心に設置しましょう。 ○基本的なゲームの流れ 基本的な作業は①さいころを振る（資源を獲得） →②建設 (資源の支払い)と③交渉（資源の交換）の主に3つとなります。 ○勝利ポイントの貯め方 以下のアクションをすると勝利ポイントが加算されます。合計で10点になるように目指しましょう。 尚、初めの作業で開拓地を2つ建設するので全員2点持っている状態から始まります。 １．開拓地の建設＝1ポイント ２．都市の建設＝2ポイント ３．5つ以上の街道の建設＝2ポイント ４．3回以上の騎士カードの使用＝2ポイント ＊3と4とについては常に最も多いプレイヤー1人のみ加点対象となるため注意が必要です。   ① さいころを振る（資源を獲得） 資源は、「木材」、「土」、「羊」、「麦」、「鉄」の5種類あります。 プレイヤーはさいころを2つ振ることで、出目の合計に対応したタイルから資源を獲得することができます。タイルに相手の拠点がある場合は、相手にも資源が配られます。 ＊さいころの出目の合計が7の場合（盗賊の移動） 「7」が出た時のみ、資源の獲得はできず次のアクションを行います。 １．手持ちの資源が7枚を超えるプレイヤーは半分捨てます。(奇数の場合は切り捨て。9枚の場合は4枚） ２．「7」を出したプレイヤーは盗賊を好きなタイルへ移動させます。＊盗賊がいる限りそのタイルでは資源は獲得できなくなります。 ３．移動させたタイルに拠点があるプレイヤーの内、1人からランダムで1枚資源をもらいます。 ４．交渉をフェーズに移り終わり次第、次のプレイヤーに代わります。   ②建設 (資源の支払い) 獲得した資源を支払うことで「街道」、「開拓地」、「都市」の拠点の建設や「発展カード」を得る事ができます。 自分のターンであれば何度でも行う事ができます。 【街道】(木材×1、土×1) タイルの辺に設置することができ、主に自分の拠点を増やす際に建設します。 ・建設条件 １．自分の拠点とつながっている事 ２．他のプレイヤーの開拓地や街道が建設されてない事 【開拓地】(木材×1、土×1、羊×1、麦×1) タイルの角に設置することができます。建設したタイルの数字が出れば資源を1枚獲得できます。 ・建設条件 １．自分の拠点とつながっている事 ２．別の開拓地から2つ以上離れている事 【都市】(麦×2、鉄×3)  開拓地を強化して資源の獲得が2倍になります。 ・建設条件 １．自分の開拓地が建設されている事 【発展カード】(羊×1、麦×1、鉄×1)  主に盗賊を移動させる「騎士カード」や資源を得られる「進歩カード」、勝利ポイントが加算される「勝利ポイントカード」があります。仕様タイミングはカードの枠が緑色に光っている時のみになります。 プレイ中は建設コストが一覧にされたカードを参考にするのがおすすめです。   ③交渉（資源の交換） さいころを振った後、他のプレイヤーや貿易を通じて資源の交換が行えます。 交換の際はさいころの隣りにあるアイコンから行えます。 ・プレイヤーとの交換 渡す資源、欲しい資源を選ぶと全員に通知が届きます。複数人が交渉に応じた場合は、その中から1名を選びます。 ・貿易との交換 自分：相手＝4:1のレートで交換することができます。港のマスに自分の拠点が設置されている場合は、これより少ないレートで有利に交換を行う事ができます。？マーク=3:1、各資源のマーク＝2:1でレートで交換できます。   オンラインで友人と対戦する方法 カタンユニバースではカスタムマッチで友人とオンライン対戦を楽しむことができます。 ただし、無課金の場合は、3人迄となりますので注意して下さい。 4人でプレイする場合は、全員が基本ゲームを購入している必要があります。 以下に、プレイするまでの流れを簡単に説明します。 カタンユニバースは残念ながら日本語に対応してませんが直観的にできるので仕様なので心配いらないです！ ・プレイまでの主な流れ ①ユーザー登録 ②ルームの作成 ③みんなでプレイ！   ①ユーザー登録 １．TOP画面の「REIGISTER」（登録）を押します、 ２．「メールアドレス」、「ユーザーネーム」、「パスワード」、「パスワード再入力」を入力します。 ３．利用規約にチェックを入れて、「ACCEPT」（承認）を押します。 ４． 最後に「REIGISTER」（登録）を押します。 ５．メールに5文字の英数字が送られてくるので、それをコピーして下さい。 ６．カタンユニバースの画面の「Code」(記号)に貼り付け、「ACTIVATE WITH CODE」（コードで起動）を押せば登録完了です。   ②ルームの作成 １．登録後、「NOT NOW」(チュートリアルを今はしない)を選択して「MULTIPLAYER」（マルチプレイヤー）を選択して下さい。 ２．「The Game」（ザ　ゲーム）を選択し、「CUSTOM MATCH」（カスタムマッチ）を選択するとフレンドの待機画面になります。 ３．「Add player」（プレイヤーを加える）を押して友人の名前を検索して追加します。AIキャラを追加したい場合は、「COMPUTER(AI)」を選択することで追加できます。   ③みんなでプレイ！ 全員揃ったら「START GAME」を押してプレイしましょう！！   詳しいルール解説はこちら↓  
6,大富豪（大貧民）,無料,4~6人,5~15分,不要,対人ボードゲーム対戦, ド定番！！トランプゲーム大富豪！ トランプゲームでおなじみの大富豪（大貧民）をブラウザで遊ぶことができます。   シングルとオンラインの2つモードがあります。 【シングル】 CPUとの対戦となるので、慣れてない方や自由に遊びたい方にオススメです。 【オンライン】 ネット上での対人戦となり、公開されている部屋に参加することでプレイができます。 また、プライベートルームを作ることもできるので友人や家族とオンライン上で遊ぶこともできます。 最大6人で対戦することができます。   部屋を作る時やシングルで遊ぶ時は、自分に合ったルールの設定をすることができます。 決められるルールは次の通りです。   【設定可能ルール】 ・8切り ・イレブンバック ・都落ち ・スペードの3がジョーカーに勝つ ・しばり（2連or3連orなし）   ～その他の頭脳系ゲーム～ リバーシ（オセロ）～すぐ！簡単！みんなとリバーシ！～ Nocca Noccaノッカノッカ　～5分で決まる立体将棋～   友人や家族との遊び方 オンラインモードでプライベートルームを作ることで遊ぶことができます。 具体的な手順を下に説明します。   【部屋を作る人】 ①タイトル画面から「オンライン」を選択。   ②右上にある「部屋を作る」を選択   ③部屋のルールを設定。   その際に、プライベートルーム設定を「ON」   ④パスワードを入力し、ツイッターやＬＩＮＥで共有して待機します。 全員揃い次第「ゲームスタート」で開始できます。   【その他の人】 ①タイトル画面から「オンライン」を選択。   ②部屋の作る人の名前の部屋を見つけて「参加」する。 ＊部屋名は「作った人のアカウント名」＋「の部屋」の組み合わせになります。   ③共有されたパスワードを入力すれば参加完了です。 そのまま全員揃うまで待ちましょう。    zoomやLINE等で通話やビデオ通話をしながらやると一層楽しめるので、離れて住んでいる友人や家族を誘って大富豪（大貧民）で遊んでみましょう！ ブラウザ上なのでアプリのインストールが不要なためすぐに遊ぶことができます！ 誘う際は、このリンクをTwitterやLINEでそのまま共有すれば、参加方法に困らないのでオススメです。   　　　　　　　↓プレイ動画↓  
7,GOD FIELD (ゴッドフィールド),無料,1~9人,10~30分,不要,推理対人チーム戦対戦, 神々の力を操り、相手を打ち破れ！ターン制カードバトルゲーム、ゴッドフィールド！ プレイヤーは預言者となり、カードとなった神々の力を使って他の預言者から勝ち残るゲームです。 各プレイヤーには、「HP」「MP」「￥(お金)」のパラメータがあります。 相手の「HP」を0にして、最後の一人になれば勝利です。 オンライン対戦も可能で最大9人で遊ぶことができます。   ゲーム開始時に9枚のカードが与えられます。 カードの種類は「取引」「武器」「防具」「雑貨」「奇跡」の5種類あります。 ゲームをする際は次の必要最低限の内容を抑えとけば楽しくプレイすることができます。   【基本情報】 ○取引 基本的に使用するのは「両替」「買う」「売る」の3種類になります。 ・両替 自分のパラメータを好きなように振り分けることができます。レートはどれも1対1です。 ・買う 指定したプレイヤーのアイテムからランダムに買う事ができます。 ・売る 指定したプレイヤーに記載されている販売価格で強制的に販売できます。 取引が行われた際、所持金が足りないと「MP」→「HP」の順で消費します。 お金やMPがないと強制的にHPが減るので気を付けましょう。   ○武器と防具 カードに書かれた数字がそれぞれの攻撃力、防御力になります。 相手に与えるダメージは攻撃力-防御力で決まります。 武器と防具は属性があり、「火」「水」「木」「土」「光」「闇」「無属性」に分けられます。 属性攻撃の場合、その属性に対応した防具でないと攻撃を防ぐことができません。 属性の関係性は次の通りです。 ・「火」⇔「水」 ・「木」⇔「土」 ・「無属性」＝「闇」＝どの属性でも防御可能 ・「光」＝どの属性でも防御不可 尚、「闇」はダメージが1でもあたると相手を一撃で倒すことができます。 カードに＋（プラス）がついている場合、他の武器と組み合わせて攻撃することが可能です。   ○雑貨 HPやMP、また状態異常を回復することができます。基本的にカードに書かれている通りです。   ○奇跡 MPを消費して魔法が使えます。ダメージを与えるものもあれば、状態異常にできるものをあります。   その他にも、守護神や悪魔といった要素はありますが上記の内容を抑えておけばプレイ可能です。 詳細はプレイ画面右上にある「教典」を選択するとすべてのカードについて確認することができるので 一度確認しておくことをお勧めします。   ゲームの進行ですが自動でターンの切り替えが行われます。自分のターンになったらカードを選択し、選び終わったら画面をクリックすれば決定となります。 また、相手から攻撃を受けた場合、ダメージを防ぐため所持している「防具」等からカードを選択し「許す」の周辺をクリックすると決定となり、攻撃を防ぐことができます。「防具」カードは複数選択することが可能です。   戦略性があるゲームなので、カードゲームやボードゲームが好きな友人と遊ぶのにおすすめです。     ゲームモードは4つ！！ ゲームモードは、①修行、②公衆乱闘、③隠れ乱闘、④真剣タイマンの4つあります。 それぞれの特徴は下記の通りとなります。   ①修行 コンピューターとの試合になります。 始めたばかりの人や慣れてない方にお勧めです。 ②公開乱闘 オンライン上で知らない人と対戦ができます。 既存の部屋に参加するか、新たに部屋を作成することができます。 ＊公開乱闘は公式より、2023年7月26日にブラウザ版は削除されました。また、アプリ版は次のバージョン1.5.0から削除されます。 ③隠れ乱闘 部屋の合言葉を知っている人のみ参加ができる部屋です。友人等と遊ぶ際に使います。 ④真剣タイマン オンライン上で知らない人と1:1で試合することができます。勝つほどレーティングが上がっていきます。   友人や家族と遊ぶ際は、SNS等使い部屋作成時に設定した合言葉を共有しましょう。 部屋作成者以外の方は、その合言葉を入力すると部屋に参加することができます。 最大9人までプレイ可能なので是非仲のいいグループで遊んでみてください！      
8,ピクトセンス,無料,2~30人,5~30分,不要,お絵かき盛り上がる推理発想力, 気軽にみんなとお絵かきクイズ！ 出題されたお題について絵を描いて、他の参加者がその絵のお題を当てるお絵かきクイズゲームです。 最大30人とオンライン上で遊べるので離れて暮らす家族や友達とのオンライン飲み会にオススメです。   基本的なゲームの流れについて簡単に説明します。 【ゲームの流れ】 １．参加者の一人がお題に沿って絵を描く ２．他の参加者はその絵が何かを当てる ３．回答が当たるか、時間切れになったら次の人に交代して１～2を繰り返す。 ４．指定したラウンド数（何周するか）が終了した時点で、最も得点の高かった人が優勝となります。   遊ぶためには、①「部屋に参加する」か②「自分で部屋を作る」の2つ方法があります。 ①「部屋に参加する」 １．サイトかアプリを開いた時の画面に「公開中の部屋」が表示されているので参加条件や部屋の名前を見て気になる部屋に参加しましょう。 ＊プライベート部屋は、パスワードを知っている人しか入れません。   ２．入ると閲覧モードになるので、「ゲームに参加」を押して名前を入力して参加しましょう。   ②「自分で部屋を作る」 １．サイトかアプリを開いた時の画面上に「部屋を作る」ボタンを押します。   ２．部屋の情報を入力して部屋を作ります。 ・部屋名 好きな名前にしましょう。「初心者歓迎」等条件を書くのもありです。 ・プレイヤー名 自分の名前かニックネームを入力して下さい。 ・ラウンド数 何周するかを決めます。参加者全員が1回ずつ絵を描くと1ラウンド終了になります。 ・制限時間 絵を描ける時間です。 ・インターバル 次の人に代わるまでの時間です。絵の感想等言いたい時は長めに取りましょう。 ・お手付き 間違えた回答をしたプレイヤーが次の回答ができるまでの時間です。 ・文字ボタン 回答時に文字選択ボタンを使用するか決めます。スマホ等で早く打ちにくい時に使います。 ・画像検索 お題の絵を描く時に参考にできる画像が検索できます。 ・ヒント お題のヒントを出すか選択できます。 ・最大人数 参加するできる最大の人数です。 ・秘密の言葉 友達と遊ぶ時パスワードを設定できます。＊知らない人は入れません。   ３．部屋作成者は、参加希望者が現れたら、参加を許可するか断るかを決めて下さい。 　　また、部屋作成者は不正プレイヤーがいる場合追い出す権限を持っています。   ピクトチャットは、ボイスチャット機能がついてのいるので 他のボイスチャットツールを使わずに気軽に遊ぶことができます。 また、無料でプレイでき登録不要なので、部屋を作り SNSで友人に共有するだけですぐに遊ぶことができます。 暇だなと思ったら友人を誘ってお絵かきクイズで楽しみましょう！   ○ピクトセンスに似たゲーム イラストチェイナー　～みんなでつなげる絵しりとり～ Gartic Phone　～イラストでお題を伝言するゲーム～    
9,Agar.io(アガー),無料,1~8人,5~15分,不要,対人チーム戦サバイバルリアルタイム対戦, 捕食！分裂！生き残って巨大な細胞を目指せ！ 多数のプレイヤーが同時に参加するオンラインマルチプレイヤーゲームです。 プレイヤーは細胞を操作し、他のプレイヤーの細胞や、ランダムに生成されるフードを 食べながら自分の細胞を成長させていきます。 ランキングが表示されるので上位に入ることを目指して他のプレイヤーと競い合います。   操作は3つだけです。 【操作方法】 マウス：カーソルの方向に自分の球体が自動で移動 スペースキー：半分に分裂 Wキー：小さな自分の細胞を発射   自分より小さいは細胞は捕食することができますが 相手の方が大きいと逆に捕食されてしまいます。 最初はフードを集めて大きくなることを目指しましょう。   ある程度大きくなってきたら相手を捕食しましょう。 捕食の時は、自分の細胞を相手に被せると捕食できます。 ただし、だんだん大きくなるにつれてスピードが落ちます。 そのため、分裂する際のスピードを利用して捕食するのが効果的です。 分裂すると大きさが半分になり、相手より小さいと逆に吸収されてしまうので注意しましょう。   ステージには、フードの他にウイルスが存在しています。 ウイルスは、自分や相手の細胞を分裂させてしまいますが、 自分が小さく、大きな細胞に追われているときに、ウイルスに隠れることで、 追っ手から逃れることができます。 ウイルスは相手の動きを読んだり、自分の細胞の状態に合わせて使うことが重要となります。   ～類似オススメゲーム～ Slither.io (スリザリオ)　誰よりも大きなミミズ？を目指せ！   友達とチームを組んで遊べる！ ゲームモードは5つあります。 １．FFA (Free for All)：プレイヤーが自由に戦い、できるだけ大きな細胞になることを目指すモード。 ２．Teams：青、赤、緑色のチームに分かれ相手を倒し勢力を拡大していくモード。 ３．Experimental：新しいアイデアや機能を試すことができる、実験的なモード。 ４．Battle Royale：最後まで生き残ることを目指す、バトルロイヤルモード。 ５．Party Mode：友達と一緒に遊ぶことができるモード。（最大8人まで） 　　完全プライベートルームではなく、ランダムなプレイヤーも参加します。 　　遊ぶ方法は、1人が「Create」でURLを作成し皆に共有し、残りは「Join」で入室するだけです。   プレイスタイルや目的に合わせて遊びましょう！！ 友達と遊ぶときはチャットやボイスチャットを利用しながら 役割分担を考えて、戦略を練ると楽しめます。   ↓ソロプレイで1位になるコツを紹介↓  
10,Paint Strike（ペイントストライク）,無料,1人,3分,不要,対人チーム戦協力シューティングリアルタイム対戦, 塗りつぶせ！スプラトゥーン風ガンアクションゲーム ルールは人気ゲーム「スプラトゥーン」と同じく、 ステージを自分の色に多く塗りつぶしたチームが勝利となります。 操作はシンプルで、1試合約約3分なので気軽にプレイできます。 【操作方法】 移動：WASD エイム：マウス 攻撃：クリック（長押しすると連射）   ステージを塗りつぶす方法は ①「攻撃でペンキをばらまく」 ②「相手を倒す」　の2つあります。 相手を倒すと自分の色のインクが周辺に染まります。 戦闘に自信のない方は、相手から離れて塗りつぶす戦略もおすすめです。   チーム人数は最大4人（ほぼ3人）でランダムに作成されます。 チャットやボイス機能はないので味方のプレイヤーの 動きにも注意が必要です。 残念ながらフレンド同士でのチームは作成できません。   武器の種類は 「ピストル」、「サブマシンガン」、「ショットガン」、 「アサルトライフル」、「グレネードランチャ―」の5種類あります。 プレイするとお金がもらえるので武器を購入してきましょう。 個人的には、射程と安定性がある「ライフル」がおすすめです。 撃ってから着弾までにずれがあるので注意しましょう。        ↓1人プレイでおすすめのゲームはこちら↓  Slither.io (スリザリオ)　誰よりも大きなミミズ？を目指せ！多人数参加型オンラインゲーム Vampire Survivors（ヴァンパイアサバイバーズ）　迫りくる吸血鬼やモンスターから生き延びろ！   
11,シロペンロード,無料,1人,3分,不要,お絵かき推理発想力, あなたのIQが試される！？道を描いてゴールを目指せ！ キャラクターを操作して宝石のゴールを目指す全40ステージのゲームです。 操作は簡単で、[A]もしくは[D]で左右に移動、[W]でジャンプができます（矢印キーでも代用可能です）。 道がない場所はマウス操作で線を描いて新たに道を作ることができます。   各ステージの宝石までたどり着けばクリアです。 各ステージには「全てのコインをゲット」「線の長さが○○以内」といったお題があるので お題をクリアするようにしてみましょう。 お題は必須ではないので宝石までたどり着くだけでも気軽に遊べます。   ステージには赤い線やとげといった障害物があるので 工夫して道を作っていきましょう。 道を間違えても「R」でやり直すことができます。 【障害物】 赤い線：描いた線が当たると消えてしまいます。 とげ　：キャラクターが当たるとやり直しです。   またこのゲームは1人用ですが、 友達とビデオ通話で画面共有しながらプレイしたり、 スコアを共有したりと2人以上でも楽しむことができます。   全ステージクリアを目指しましょう！！      
12,CODENAMES ONLINE（コードネームオンライン）,無料,4~8人,15~30分,不要,盛り上がる推理対人チーム戦協力ボードゲーム発想力対戦, 仲間のヒントを頼りに正しい単語を選べ！ コードネームは赤チーム、青チームの2つのチームに分かれ4色の単語が書かれた25枚のカードから自分たちの色を全て当てれば勝利となるゲームです。カードは、赤、青、ベージュ、黒に分かれてます。ベージュは「はずれ」（7枚）で、黒は「選んだら負け」（1枚）になります。   チーム内では、1人だけヒントを出せるスパイマスターを選び、その他の人はカードを選ぶ諜報員となります。スパイマスターは全てのカードの色がわかるので諜報員の人へ、「自分のチームのカードの共通ワード（ヒント）」と「選ぶ枚数」を指示します。諜報員の人はその指示を見てカードを選びます。指示された枚数を引くか、外れのカード（ベージュか相手のチーム色）を選んだらターンが終了します。（黒は負けになります）自分の色を全て当てるか、相手が黒を引けば勝利です。 関連記事：コードネームはどんなボードゲーム？遊び方や基本ルール  【指示の出し方のコツ】 自分の色に「スイカ」と「波」、相手の色に「魚」がある場合2枚選ぶように指示を出します。ただし、ヒントワードを「海」にしてしまうと相手の色を選んでしまう可能性があります。そのため「浜辺」等、共通点をより絞り確実に選んでもらうようにしましょう。 DiscordやLINE、Zoom等で通話しながらプレイすると盛り上がります！   関連記事：大人気ボードゲーム！コードネーム（日本語版）の種類を紹介！  オフライン用で遊ぶボードゲーム版コードネームの種類について徹底解説しています！ シチュエーションにあったバージョンを選んで、友人や家族と集まって遊んでみましょう！    
13,Gartic Phone,無料,1~14人,15分,不要,お絵かき盛り上がる推理協力リアルタイム発想力, イラストでお題を伝言するゲーム Gartic Phoneは料金無料のお絵描き伝言ゲームです。 お題に合ったイラストを描き、そのイラストを元にお題を推測し、 またそのお題に合うイラストを描き…という工程を繰り返し、 一番最初のお題と最後の答えが同じになるよう目指すというものです。 マウスでもペンタブでも、好きな方法で絵を描くことができます。   イラスト主体のゲームといっても特別上手い必要もなく、 逆に下手な人がいるほどお題の推測が困難になり盛り上がります。 あくまでカジュアルに、どちらかというと元のお題から見当違いの めちゃくちゃな方向性のイラストが生み出される様を楽しむようなゲーム性となっています。 もちろん、イラストの上手さや発想で正当な伝言ゲームを行うこともでき、 参加した人たちの個性がそのままゲームのスパイスとなるような楽しいパーティゲームです。 お題を一つのコンテンツ、ゲームやアニメに設定して集まることで、 コンテンツのクラスタたちの交流の場にすることもできます。   【その他のお絵かきゲーム】 イラストチェイナー　～みんなでつなげる絵しりとり～ ピクトセンス　～気軽にみんなとお絵かきクイズ！～   基本となるお絵描き伝言以外にも、 複数人で絵を描き合ってアニメーションを作成するモードや、 一人で四コマ漫画を描くようなソロプレイ用のモードもあるため、 どんな人でも気軽に遊べます。   登録は必要なく、みんなで遊ぶ際にはURLを共有することで部屋に招待することが出来ます。 みんなで何かワイワイ遊びたいけどソフトが揃わないな…なんていう時におすすめです。  
14,人狼Online,無料,1~19人,30分,不要,推理対人シミュレーションチーム戦協力サバイバル, 推理と対人シミュレーション・ゲーム 人狼ゲームとは、村人チームと人狼チームに分かれて、相手のチームを減らして勝利を目指すゲームです。 ゲーム開始時に『村人』や『人狼』などの役職がランダムにプレイヤーに割り振られ、 割り当てられた本人だけがその役職を見ることができます。 役職には、人狼かどうかを占うことができる「占い師」や 人狼から守ることができる「狩人」等特殊な能力を持つものもあります。   ゲームには【昼】・【投票】・【夜】の3つのシーンがあります。 【昼】では生きている人たちで制限時間内に会話をし、誰が人狼か推理をします。 占い師が占い結果を発表したり、霊媒師が処刑された人が人狼かどうかを発表したりします。 制限時間になると【投票】が始まり、誰が人狼で処刑するかを多数決で決めます。 もし最多票が複数になった場合、最多票からランダムで処刑者を決定します。 投票が終わると【夜】になります。人狼が人狼同士で相談して村人を1人襲撃したり、 占い師が占いをしたり、狩人が誰を人狼から守るか決定するなど、 夜に行動ができる役職がアクションを実行します。 時間切れになると突然死してしまいますので、必ず時間内に行動を終わらせるようにしましょう。 この流れをどちらかのチームが勝利するまで繰り返し行います。   勝利条件は、 村人チームは、『全ての人狼プレイヤーの処刑』 人狼チームは、『村人の数が人狼チームと一緒になるか少なくなる』と勝利となります。  したがって、制限時間内に他のプレイヤーとの議論を通じて人狼を見つけ出し、勝利を目指しましょう。 逆に人狼チームは、議論中は自分が人狼であるとバレないように振る舞いましょう。  一人でプレイする場合は『村に入る』をクリックしてから任意の村に参加すればOK。 慣れないうちは初心者歓迎と書かれている村に参加すると良いでしょう。 自分がホストになる場合は、『村を作る』をクリックし、プレイヤー名・村名・コメント・定員を決めましょう。 友人たちのみで誘い合わせてプレイする場合は、コメントに「身内のみ」等と記載し、定員を設定して初めると良いでしょう。  
15,Vampire Survivors（ヴァンパイアサバイバーズ）,基本無料,1人,1~30分,不要,サバイバルリアルタイムタワーディフェンス, 迫りくる吸血鬼やモンスターから生き延びろ！   迫ってくる吸血鬼やモンスターを倒しながら30分間生き残るゲームです。 操作はシンプルで十字キーでの移動するだけです。攻撃は自動で行ってくれます。   モンスターを倒すと宝石（経験値）が落ちるので拾い集めましょう。 一定の経験値がたまるとキャラクターがレベルアップして 新たな武器やアイテム、又は強化を行う事ができます。 新しい武器を入手しても今までの武器は消えずに 今までの武器と新しい武器の両方を同時に使い攻撃することができます。 アイテムも同様に効果が重ねられます。 レベルアップによって出てくる武器やアイテムはランダムになっており 一度選ぶと変更ができないので注意しましょう。   モンスターは、時間がたつにつれて数が増えたり強くなってきます。 また一定の時間ごとにボスが現れます。ボスを倒すと宝箱が落ち 武器やアイテムを入手できるので必ず倒すようにしましょう。   最終強化までした武器とあるアイテムを所持した状態で 宝箱を開くと、上位互換の武器を手に入れることができます。 武器とアイテム（1:1）の組み合わせによって様々な上位互換武器が 手に入るので、是非組み合わせを見つけてみて下さい。   ある条件をクリアすると新たなキャラクターが追加されます。 キャラクターごとに特殊能力が異なるので自分に合ったキャラクターを 見つけて30分間生き延びましょう。   攻略法 ○序盤（開始～10分） ひたすら敵を倒して宝石（経験値）を集めてレベルアップしましょう。 新しく武器を選ぶ際は、キャラクターの初期装備を考慮して選びましょう。 初期装備が遠距離武器なら近距離武器や、単体攻撃なら範囲攻撃できる武器を 選ぶと様々な場面を攻略できます。 慣れてきたら、上位互換の武器が出る組み合わせを選ぶのがおすすめです。 上位互換の組み合わせを少しだけ紹介すると 【アックス＋キャンドル】や、【魔法の杖＋空白の書】等があります。   ○中盤（10分～20分） この辺りから難しくなり 強力なモンスターや画面を埋め尽くすような量のモンスターが出てくるようになります。 積極的にボスを倒し宝箱を取り、最低でも1つは上位互換の武器を手に入れることが必須です。 急に花のモンスターに囲まれることがありますが、一定時間で消滅します。 中にいるモンスターを倒しきるか、一点突破で潜り抜けましょう。 武器の種類が偏りすぎると攻略が難しくなります。 武器を選ぶ際は、バランスよく選ぶことが大切になります。   ○終盤（20～30分） ここまでくると比較的安定に進めることができます。 今までボスだったモンスターも現れますが、 慎重に進めれば倒すことができます。 一定のレベルまで行くと武器やアイテムが出なくなります。 その代わりにお金やお肉と交換できるようになります。 今後のキャラクターの強化のためにもお金を集めるのがおすすめです。 30分経過すると死神が現れて確実に殺されてゲームクリアとなります。 （一部死神を倒す方法もあるらしいですが...）   一昔前のようなゲームですが、奥深く大量の敵を倒す爽快感が癖になり 一度やると時間を忘れてしまうぐらいハマれます。 是非プレイしてみてください。 Steamでも300円で購入可能です。   実際のプレイ動画はこちら↓  
16,LifeAfter（ライフアフター）,基本無料,1~4人,60~120分,必須,ゾンビサバイバル協力クラフトシューティングリアルタイム, ゾンビだらけの世界で仲間と協力し拠点を築くサバイバルゲーム   感染者から身を守って生き残る事が目的のゲームです。 自分で武器や家を作り、仲間と協力して感染者と戦いながら生き残りを目指します。   感染者から生き延びるには、武器や拠点となる家を作る必要があります。 木や石などの素材で作ることができますが全て自分たちで集める必要があります。 武器や家だけではなく、ドローンや回復アイテム、調理した食べ物など、 色々なものを自分で作りながら進めていくので、 必要な素材や数、作り方も習得する必要があります。   素材の種類は100種以上と多いことから、様々な物が作成でき、 ランクの高いものを作るには、より貴重な素材が必要になります。   素材集めは感染者がいる場所で行うのが主になるので、 感染者から身を守る武器を作ることを最優先に進めて、 戦いながらスキルを強化するのがおすすめです。   拠点となる建築物については、 屋根や壁などオリジナルティ溢れる間取りの建築可能なので 自分だけの建物を作りましょう。     このゲーム進めるためには、必要なチュートリアルをしっかりこなし理解して行くことが大事です。 やるべき事は左上に指示として表示されるので、初めての人でもその内容に添って進めていけば、迷うことはありません。 また、何をすればいいのか、分からなくなった時も左上の指示を確認すれば、効率的にクリアが出来るのでしっかりと確認をして進めましょう。   ↓チュートリアル後で迷った方はこちらを参考にして下さい。  
17,Minecraft（マインクラフト）,基本無料,1~8人,15~120分,必須,サバイバル協力クラフトリアルタイム発想力RPG, とにかく自由度の高いサンドボックス型オンラインゲーム Minecraft（マインクラフト）は、2009年にClassic版が登場してからずっと人気のある スウェーデン発のサンドボックス型オンラインゲームです。 仮想の世界で冒険を楽しんだり、もの作ったり建築などを自由に楽しむことが出来ます。 スマホやパソコン、タブレット、Nintendo SwitchやPlayStation4といった 家庭用ゲーム機などいろいろな機種に対応しているのが特徴で、 箱庭のような架空の世界の中に用意されたいろいろな素材やアイテムを使って 自由に遊び方を考え実行することができて不思議な魅力のあるゲームです。   Nintendo Switchでは、サバイバルモードとクリエイティブモードの2つのモードが楽しめて、 分割画面なら最大4人、オンラインなら最大8人まで様々なプレイスタイルで楽しむことが出来ます。 昔のゲームのような雰囲気で、感動するストーリーがあるわけでもグラフィックが素晴らしいわけでも 音楽が素晴らしいわけでもありませんが、何でもできて自由すぎるので中毒性が高く、 いざ始めるとどんどんはまっていき、なかなかやめられなくなります。   とにかく自由度の高いゲームで、自分の好きな世界を作ったり、 仲間と協力して世界を作ったり、どこまでもはまれる最高のゲームです。  
18,リバーシ（オセロ）,無料,1~2人,15分,不要,ボードゲーム対戦, すぐ！簡単！みんなとリバーシ！ ボードゲームのリバーシのゲームです。 ゲスト参加も可能で無料登録をしなくてもブラウザ上で遊べるのが気軽に遊ぶことができます。 リバーシの操作方法は、マスをクリックするだけです。 石を反対の色にめくり最後に自分の色が多く残っていれば勝ちです。 ニックネームを入れて同意する画面をクリックし、空きの部屋に見つけて入るだけです。 平日だと人が少ないため、休日のプレイの方が待ち時間なくプレイできます。 慣れてきたらレート戦もおすすめです。 レート戦は勝つとスコアが大きくなり、負けると減ってしまう戦いなので慣れてきてからがおすすめです。   友達と遊ぶ際、自分で部屋を作ることも可能です。 部屋の作成では、待ち時間やチャット機能のオンオフ、観戦機能のオンオフ、1手時間を細かく設定出来ます。 チャット機能もあるの電車等通話できない場所でも友達とオンラインで遊ぶことができます。   強者が集うレート戦！挑む前には練習必須！ レート戦は人気で、強い相手が沢山います。レートが大きい人はやり込んでいる強者です。 レート戦を楽しむためには通常戦を自分で新しい空き部屋として作るか、 あるいはCPUでテストプレイし、経験を積んでから挑むのがおすすめです。 CPUに挑戦する場合は難易度が3つあります。1や2は初心者でもクリアしやすいですが、3になると難易度が増します。 他人が設定する部屋によっては観戦出来るため、人のリバーシのプレイを見るのも勉強になります。 初回はレートが1000に設定されていますが、実力次第で大きく変化します。   
19,クラッシュ・ロワイヤル（クラロワ）,基本無料,2~4人,5分,必須,リアルタイムストラテジーゲームタワーディフェンス, シンプルだけど奥の深い！プロゲーマーもいるゲーム クラロワは1対1、あるいは2対2での試合対戦を気軽に楽しめるリアルタイムストラテジーゲーム(RTS)です。 100種類以上あるカードの中から8枚を使ってデッキを構築して戦います。 相手の陣地にあるキングタワーやアリーナタワーの破壊すれば勝利となります。 そのためには、デッキ8枚をいかに上手く活かして戦うが重要ポイントとなります。   操作方法は、非常にシンプルです。 試合が開始すると画面下にカード4枚が表示されるので、このうちの1枚を選んでフィールド上にタップするだけです。 画面の一番下に紫色のバーに今自分が所有している「エリクサー」と呼ばれるものの量が表示されており カードに表示されたエリクサー量に到達してはじめてそのカードは使えるようになります。 このエリクサーは時間とともに増え、最大10まで貯めることができますが、 カードを使用するとそのカードごとに設定された数のエリクサーが消費されるので注意が必要です。 クラロワはダウンロードするとチュートリアルが始まり、そこで基本的な操作方法を学ぶことができます。 チュートリアル後は、オンライン対戦ができるようになるので、特定の友達とはもちろんのこと、 オンライン上の誰かわからない世界中のプレイヤーとの対戦を楽しめます。 最初はデッキ構築に使えるカードがあまりないので、しばらくはカード集めをすることをオススメします。  
20,インペリアルサガエクリプス,基本無料,1人,30分,不要,RPG, ゆっくり楽しめるなつかしのRPG ガチャで手に入れたキャラを育ててモンスターやボスモンスターを倒していく王道RPGタイプのゲームです。 ギルドなどがなく対人戦もGvGもないので特に競ったりせずまったりゆったりと楽しめるRPGです。 戦闘は5人のキャラでパーティーを編成し、5マス×5マスのフィールドでコマンドを入力するシステムとなってます。   5人のキャラの内、1人は他のプレイヤーのキャラを借りて戦闘を行うため 自分が弱いうちは他人のキャラに攻撃を任せるだけでもある程度進められるので序盤に困ることはありません。 キャラの育成は敵を倒した経験値を稼ぐ他に、経験値そのものが貰えるアイテムが簡単に大量に手に入るので育成はとても簡単です。 装備もLvもキャラと同じように武器用経験値アイテムがあるので簡単に上げられます。   イベントはほぼ毎週やっており、イベントに有利なる装備やキャラももらえます。最初に無料ガチャやゲーム内マネーがもらえるので序盤からイベントを楽しむことができます。 また、課金してキャラと装備を手に入れることができます。（ガチャ1回は300円）ガチャの天井は装備は70回、キャラは150回分なので他のゲームと比べてもそれほど高くはないです。 ゲーム内マネーもイベント報酬やログインボーナス、ミッションなどで配布されているので毎週10連はできるようになります。   サガシリーズのファンにはオススメ！ 歴代のサガシリーズのキャラや敵キャラ、武器、防具、アクセサリーが出てきます。 SFC版のロマンシング・サガからゲームボーイ版の魔界塔士SaGaシリーズ、 PS版のサガ・フロンティアやPS2のロマンシングサガミンストレルソング、 最新のサガスカーレットグレイスまでと懐かしのキャラを見れたり、 サルーイン戦、七英雄戦、四魔貴族戦、ロマンシングサガミンストレルソングのミニオン戦など のあの名曲や懐かしの名技なども勢ぞろいしているのでファンにとっては 懐かしさと嬉しさが必ず湧くこと間違いないです。    
21,弓矢バトルオンライン,基本無料,1~10人,5分,必須,リアルタイム対戦, 5対5の激アツ！オンライン弓矢バトル！ 5対5のチームに分かれ、お互いに矢を撃ちまくり生き残りを決めるオンライン対戦ゲームです。 横移動か構えて打つのみのシンプルな操作ですが、スタミナの管理、狭まってくる壁など奥の深いバトルが楽しめます。 一定ランクで盾兵も選択可能になり、味方のフォローが得意な人にもおすすめです。 自分がやられても味方を応援して必殺ゲージをためることができ、一発逆転を狙うことも可能！ 最後の一人になって勝利した時の達成感がたまりません！   最大10人の友達とオンラインバトル可能！ 1人が合言葉を決めてルームを作成します。他の人は決めた合言葉を入力してルーム入るだけで気軽にプレイできます。また、10人未満でもCＰＵがはいってくれるのでプレイ可能です。    
22,イラストチェイナー ,無料,2~4人,5~15分,必須,お絵かき推理協力発想力, 5分で決まる立体将棋 シンプルながら奥深い、オンライン2人対戦ボードゲームです。 5×6マスのボード上にある、自分の5つのコマを操作します。 操作は簡単で、自分のターンに1つのコマを1マス動かすだけです。 1試合5分とすぐに決着がつくので、気軽にプレイできます。   ルールもシンプル！ 勝利条件は2つのみ ①1コマでも敵の陣地に入り込めたら勝ち ②相手の全てのコマに乗っかり、足止めできたら勝ち   コマを動かすルールも2つのみですぐに覚えられます。 ルール１：コマは前後左右斜めへ、1マス移動させることができます。 ルール２：1~3 段目まで乗っかることができます。自分と相手のコマに乗っかることができます。動かせるのは一番上のコマだけです。 ＊後者の人は、1つだけ4段目に乗れるコマが与えられます。   頭を使うゲームが好きな友達と遊ぶときにぴったりです。   2人で遊ぶとき ゲームのホーム画面の「ルームマッチ」を選択してください。 ホストの人はルールを決めてルームを作成し、ルームIDを共有してください。 ゲストの人は、「ルームに参加」を選択し、ルームIDを入力してください。   ＊ルーム作成時のルールの用語説明 盤面        ：ボードの大きさを選べます。縦マスを6マスか7マスに選択できます。 先攻/後攻 :ホスト側を先攻、後攻を決められます。 4段コマ    :4段目に乗れるコマの数を決めます。 2段コマ　 :2段目までしか乗れないコマの数を決めます。 のっぽコマ:2段目まで高さのあるコマの数を決められます。 おじゃまコマ：ボード上にある動かせないコマをの数を決めます。 　　　　　　　また設置をランダムか対象に選ぶことができます。   普通のルールじゃ物足りなくなったら、設定を変えるのをお勧めします。    
23,Nocca Noccaノッカノッカ,基本無料,1~2人,5分,必須,ボードゲーム対戦, 3匹vs1人オンライン対戦鬼ごっこゲーム ゲーム開始時、4人の中から1人「ヒト」が選ばれます。 「ゴリラ」はパンチで「ヒト」を吹っ飛ばせば勝利です。 「ヒト」は時間終了まで、ゴリラから逃げ切るか宝石を全て集めることで勝利となります。   ステージはエリアごとに色分けされており、 「ゴリラ」は色で「ヒト」の位置を共有します。 「ヒト」はレーダーが使えるので、「ゴリラ」の裏をかいてうまく逃げましょう。   1試合は約５分ぐらいで、最大4人でプレイできます。 野生の感覚を取り戻せる！ゲームです。   4人以下でも友達とプレイ可能！ ホーム画面左の「Room match」をタップすると友達とプレイできます。 ホストの人は「作成」を選び部屋を作成しましょう。 ゲストの人は部屋を作成後、「入室」からIDを入力して入ります。   部屋作成時に二つのモードが選べます。 「TEAM 」モード（１～3人）：友達とチームを組んでオンラインバトルに参加できます。 「CUSTOM」モード（4人）   ：ルールをカスタマイズして友達同士とバトルできます。 ＊ゴリラになった人は、ヒトの言葉を使って情報を共有しないように注意しましょう！ （ゴリラ語はありです）   
24,ゴリラ・オンライン ,基本無料,1~4人,5分,必須,対人チーム戦サバイバルリアルタイム対戦, オンライン対戦早押しクイズゲーム ランダムマッチ・フリーマッチ(フレンド対戦)の2種類のモードが選べます。 ○ランダムマッチ 　全国のライバルとオンラインで早押しクイズ対戦ができます。 　一人の時におすすめです。 ○フリーマッチ(フレンド対戦) 　友達と、家族と、パーティーで、オンラインで、テレビ番組のような早押しクイズを楽しめます！ 　出題問題は3種類の難易度からおまかせ、またはオリジナル問題を作成して出題可能です。   2人以上の設定方法 　2人で遊ぶ時 　　①ホーム画面の下に並んでいる5つの内、真ん中の「人型アイコン」をタップ。 　　②遊びたいフレンドを選んで「1対1対戦をする」を選び、お互いルームに入れば対戦開始です。 　　　＊フレンド登録をしてない場合は、右下にある「人型に＋が付いたアイコン」をタップして 　　　　プレイヤーIDを入力すれば登録できます。 　2人以上で遊ぶ時、クイズを作成したい時 　　①ホーム画面の「フリーマッチ」をタップ。 　　②ホストの人は、下にある「ルーム作成」をタップ。 　　　モード選択は、自動で読み上げてくれる「オンライン対戦」がおすすめです。 　　　ルームIDが発行されるので、ゲストの人は「ルームID入力」にタップしてIDを入力してください。 　　③対戦ルールを決めたら、対戦開始です。初期設定では1試合当たり10分ぐらいです。   ゲーム配信/ゲーム実況アプリMirrativ（ミラティブ）をインストールすれば、 配信しながら視聴者さんとみんなで協力プレイも可能です。  
25,みんなで早押しクイズ,無料,1人~,10分,必須,盛り上がる対人リアルタイム対戦, ゆる〜く楽しめるインベーダー風シューティングゲーム キャラを横に移動しながら攻撃する対戦型シューティングゲームです。 1試合は2～3分ほどで、1発でも当てれば勝ちとシンプルです。 操作は横移動と攻撃のみです。 スワイプした方向にキャラが自動で進みます。 下にある技名のアイコンをタップするとエネルギーを消費して攻撃できます。流れてくるボックスを破壊して ポイントを集めていくと強力な技が出せます。（強力な技はエネルギーを多く消費するので注意が必要です） フレンドバトルで離れた友達とも遊べます。 共有した合言葉を入力してルームに入るだけで気軽にプレイできます！   シンプルがゆえに奥が深い 個性豊かな「せいじん」を選んでバトルができます。 くねくね曲がる弾を放つ「たこせいじん」や、早い弾が自慢の「うさぎせいじん」などがいます。 また、「せいじん」ごとに、途中で左に曲がるだまし討ちの技や、消える弾など強力な技が用意されています。 様々な「せいじん」と技を組み合わせて、自分だけの戦術を見つけましょう。   強力な技を出すために必要なポイントは、ボックスを破壊した方に流れてきます。 いかに最後に攻撃を当てるか、もしくは当てさせないかが重要になります。 ポイントが相手に流れても弾幕を張り、相手にポイントを取らせないことも可能です。 相手の心理を見抜いて、攻撃を出すタイミングが肝になります。  
26,スターシュートVS,基本無料,1~2人,5分,必須,リアルタイム対戦, 2人遊びに特化したスマホゲーム！ 2人で遊ぶこと特化したスマホゲームです。 ピンポンや、スピナー戦争、相撲などなど... 簡単にプレイできて楽しめるゲームがたくさんあります。 1プレイ当たり5分もかかりません。 スキマ時間でも遊んでもよいですし、複数のゲームの勝ちの数を競い合っても盛り上がります。 1人だけの時はコンピューターが対戦相手になってくれます。 ＊机の上などスマホを置ける場所で遊ぶことをお勧めします。  
27,2 人ミニゲーム : チャレンジ,無料,1~2人,3~5分,必須,対人対戦, 萌え系対戦型麻雀ゲーム！ 多様な対戦モードで、初心者から上級者まで楽しめます。 友人とも対戦可能です。しかも、4人集まらない場合でもＣＰＵが参戦してくれるため いつでも何人でも対戦を楽しむことができます。   キャラが可愛い！ 様々なタイプのキャラクターを使用可能で、ボイスは人気声優を起用しています。 キャラクターには好感度のパラメーターも設定されており、アバターとして使用したり、アイテムを贈ることで好感度を上げることができます。 好感度が上がることで、追加ボイスやアバターのCGが変化する機能の開放など、様々なシーンでキャラと触れ合い関係を深めることができます。 自分だけのお気に入りキャラを育てていきましょう。    
28,雀魂 -じゃんたま-,基本無料,1~4人,30~60分,不要,ボードゲーム対戦, ZOOMしながらみんなで遊ぼう！ zoomなどのオンライン会議ツールと連携してクイズやゲームを楽しめます。 ログイン不要！URLを作成して共有するだけでプレイできるので気軽にできます。   コンテンツの種類は全部で6種類！ 一致するまで終われまテン…お題に対して全員一致の回答を目指す、相性ゲーム 押したのだぁ～れ？…質問に対してYESを回答した人数のみ表示される。匿名アンケート機能 何の絵を描いているでしょうか？…出題者が描いている絵を、30秒以内に当てるゲーム 早押しシステム…効果音と早押し機能がついた便利機能 NGワード…参加者に割当られたランダムなNGワードを言ったら負け イチマルマル…順番に３回までボタンを押し、100回目のボタンを押したら負け 盛り上がるものばかりなので、オンライン飲み会やリモート会議などにぴったりです！    
29,ラウンジ,基本無料,2人~,5~120分,不要,盛り上がる発想力対戦, 誰よりも大きなミミズ？を目指せ！ 世界中のプレイヤーが常に参戦している多人数参加型オンラインゲームです。 ステージに落ちている光る玉をひたすら集めてスコアで競い合います。 制限時間はありませんが、頭をほかのプレイヤーに当ててしまうとそこでゲームオーバーです。   スコアを稼ぐほど本体が長くなり、太くなります。 敵の頭を自分の体にぶつければ敵が集めていたスコアが放出されるため、効率的にスコアを稼げます。 またダッシュをすることができますが、体が大きいほどスコアを大量に消費してしまうため注意が必要です。   【操作方法】 移動：マウスの方に向かって進みます。←キーで左回転、→で右回転します。 ダッシュ：マウスの右クリックもしくは↑キーでできます。 スキンはスタート画面左下から変えられます。   ～類似オススメゲーム～ Agar.io(アガー)　捕食！分裂！生き残って巨大な細胞を目指せ！   スリザリオ攻略法 【序盤】 ○動く光る玉を優先的に集める 動く光る玉は動かない玉よりスコアが大きいので序盤では優先的に狙っていきましょう。 動く光る玉は近づくと逃げてしまうので、近づいたらダッシュがオススメ！ ○操作に自身のある人は密集地帯へ 右下にレーダーがあり、白い部分が光る玉が多いエリアになるのでそこに向かいましょう。 もちろんライバルも多いため激戦区になりますが、その分光る玉も多いので短期的にスコアを稼ぐことができます。 密集しているため、事故が多くなるので気を付けましょう。たまに、大物のおこぼれもいただけます...   【中盤】 ○ライバルを囲って倒す スコアが2000くらいになったら、ライバルを囲って倒してスコアを奪うことができます。 ダッシュを駆使して気づかれないように囲んで自分の頭とおしりをくっ付けてれば、相手は逃げられません。 そのまま、ジワジワと狭くして相手のスコアを頂きましょう。（囲む分自分も小さくなり襲われるので注意） ○密集地を避ける 大きくなったら囲んで奪う方法ができるので、リスクを避けるため、ライバルの少ないエリアに向かいましょう。 密集地にとどまると事故が多くなるので、避けるのがオススメです。   【終盤】 ○囲んでいるライバルを囲む 囲んで奪おうとしているライバルが近くにいたらチャンスです。 囲んで奪うためにライバルはどんどん小さくなります。そこを狙いましょう。 ただ、自分より大きいライバルが来たら撤退も肝心です。 ○ひたすら大きくなろう このゲームは大きければ大きいほど有利です。 ひたすらライバルからスコアを奪って大きくしていきましょう。 最後は集中力との闘いになります。   是非、ランキング1位を目指しましょう！ 上位プレイ動画はこちら↓  
30,Slither.io (スリザリオ),無料,1人,1~30分,不要,対人リアルタイム対戦, 定時に帰れ！非対称型のオンラインマルチ退社ゲーム 舞台となる会社はとんでもないブラック企業。 世界中のプレイヤーとマッチングして、協力して上司から逃げつつ定時退社を目指します。 5人同時プレイのゲームで、4人は社員、1人は上司に分かれます。 社員は定時3分以内に退社を目指します。 しかしそこはブラック企業！ドアには鍵がかかっており労基に電話しないと開けてもらえません。 上司になったプレイヤーはひたすら社員に仕事を押しつけ退社を妨害します。 定時で帰るか！朝まで仕事か！壮絶な戦いが幕を開けます。   友達と最大5人までプレイ可能！ 最大5人まで同時に遊ぶことが可能です。 4人以下でもBOTが足りない分を補ってくれます。 ＊ただしBOTに過度の期待は厳禁。    
31,定時退社オンライン,基本無料,1~5人,15分,必須,対人チーム戦協力リアルタイム対戦, 弾いて！ぶつけて！突き落とせ！ 相手の消しゴムを落とせば勝利！ 懐かしの誰もが知っている消しゴム落としがゲームで登場！   様々な文房具がステージにちりばめられていたり、 回転させて弾いたりと、種多様な戦略で対戦が可能です。   使える消しゴムは100種類以上もあり種類豊富です。 また、定規や鉛筆を組み合わせて自分オリジナルの消しゴムを作成可能です。   オンライン対戦可能！ 自分オリジナルの消しゴムを使って全国のプレイヤーと対戦可能です。 また、友人などとルームを作ることもでき、最大4人まで同時に遊べます。    
32,消しゴム落とし,基本無料,1~4人,5~15分,必須,対人対戦, 棒力でぶちのめせ！棒人間対戦ゲーム 棒人間を操り、走って跳んで戦い抜け。爽快アクションゲーム！ 4人の自由参加型バトルでは自分以外が敵！様々なギミックがあるすステージを9戦した後に、4人の中のトップが決まります。 様々な種類の武器やコスチューム、ステージなど毎回変わる対戦に飽きません！   １回の対戦は1分もかからず決着が決まるためアクションが得意な方におすすめです。 また、最大３人で遊べるので友人を誘ってみんなで愉快にバトルできます。      
33,Stick Fight: The Game Mobile,基本無料,1~4人,10~20分,必須,対戦, 大喜利で発想力を試そう   大喜利オンラインは自動で表示される大喜利にお題に答え、他の人が面白いと評価した時にもらえる座布団を獲得していくゲームです。    『ちょっと前向きになれるかもしれない言葉』大賞に輝いた言葉とは？    このようなお題が表示されます。 あなたは面白い回答が思いつきますか？   楽しみ方   ルームを作ることで友達と一緒に遊ぶことができ、人数が足りなかった場合にはオンラインのプレイヤーが参加してくれます。 一人でオンライン上の参加者と大喜利をしてももちろん面白いですが、友達と通話しながら行うと自分の回答に対して直接リアクションがもらえたり、他の人が面白い回答をした時に笑い合えるのでより楽しめます。   時間制限があるので回答が思いつかないとかなり焦りますが、普段しない思考をするので、そういった点も楽しみの一つです。   座布団を集めてあなたの発想力を証明しましょう   もっと詳しく知りたい方や面白い回答例を見たい方、下記の動画をチェック    
34,大喜利オンライン - みんなでリモート大喜利,無料,1~4人,10~30分,必須,発想力対戦, みんなでつなげる絵しりとり オフライン、オンラインどちらでも絵しりとりをして友達と遊べるアプリです。 モードは「オンラインモード」と「オフラインモード」の2種類あります。   「オンラインモード」では、プライベートルームを作って4人の友達と遊ぶことや フリールームに参加して1人で遊ぶことができます。   「オフラインモード」は自分のスマホ1つを回して友達と遊ぶことができます。 イラストを書く回数は12回あるので、最大12人の友達と遊ぶことが可能です。 ＊オススメ参加人数は4～6人。オンラインモードは4人でしかプレイできません。   遊び方は簡単です。 最初の文字と最後の文字が表示されるので 上手くしりとりができるように順番にイラストを描いていきます。   制限時間は１分間。 細かく描くと時間が足りず、だからと雑に描くと分からない！絶妙な制限時間です。 「ん」や「―」で終わる場合は、一つ前の文字でしりとりをするので 何でもいいので時間内に書き終えることを目指しましょう。 イラストを書き終えたら書いた物の名前を書きましょう。（ほかの人には見えません）   オンラインモードでは下に表示されている吹き出しをタップするとコメントを飛ばすことができます。 「うまい！」や「わかった！」などはもちろん「うそだろ…」「ｗｗｗ」といったコメントできるので、 書く人はみんなの反応を見ながら進めましょう。   最後の絵を書き終えると結果発表！ 名前をもとにしりとりが成り立っているか、正答率が発表されます。 え、このイラスト○○だったの！？なんてこともあり盛り上がります！   【インストール不要！ブラウザで遊べるお絵かき伝言ゲームはこちら↓】 Gartic Phone　～イラストでお題を伝言するゲーム～【最大30人で遊べるお絵かきクイズはこちら↓】 ピクトセンス　～気軽にみんなとお絵かきクイズ！～   オンラインで友達と遊ぶ方法 タイトル画面をタップしたら「オンラインで遊ぶ」、「この端末だけで遊ぶ」が表示されるので 「オンラインで遊ぶ」を選択しましょう。   4人の内1人は、「プライベートルームを作る」を選択し、ルーム名を入力して下さい。 ルーム名を入力すると待機画面が出るので、残りの3人が参加するのを待ちましょう。   残りの3人は、「プライベートルームに参加」を選択し、ルーム名を入力して下さい。 部屋が見つかると自動的に待機画面に行くので4人揃うまで待ちましょう。   4人揃い次第ゲーム開始になります。 ＬＩＮＥ等で通話しながらやると盛り上がるのでオススメです。        
35,棒レンジャー,無料,1人,30~360分,不要,対戦RPG, 4人の棒人間のアクションRPGゲーム！ 豊富な種類の職業やステータス、アイテムのカスタマイズで自分だけのパーティーを作り 洞窟や砂漠、森などに潜むモンスターを倒していくRPGゲームです。  VSモードで世界中のプレイヤーと対戦可能！ 自分がカスタマイズしたパーティーを世界のプレイヤーと対戦することができます。 攻撃力で重視のパーティー、遠距離特化型のパーティーなど自分だけの戦略で 世界1位を目指しましょう。   基本操作 移動：右クリックでドラックのみ（自動歩行機能付き） 攻撃：射程圏に入れば自動で攻撃します。  
36,虚構新聞,無料,1人,5~15分,不要,, 嘘記事のニュースサイト 時事ネタを取り入れ面白くアレンジし、本当のような嘘の記事をがたくさん載っている新聞です。時々真実だと思い込み拡散してしまう人がいるほどのクオリティのため取り扱い注意！ 基本アプリ版（OS、Android）も出ておりいつでも最新の虚構ニュースが閲覧可能です。 
37,Amang Us（アモングアス）,基本無料,4~15人,10~40分,必須,, 宇宙船に潜む Impostor を見つけ出し追放せよ！ 最小4人から大人数までプレイ可能！ 限られた情報、プレイヤーとのやり取りでそれぞれの目的達成を目指していく宇宙版人狼ゲームです。 Windows・PC（Steam）、iOS、Android、及びNintendo Switchで遊ぶことができます。 iOS、Androidは無料でプレイ可能。Windows・PC（Steam）Nintendo Switchは520円となります。 Among Usのルールは簡単！ プレイ開始時、プレイヤーたちはクルーメイト（宇宙飛行士）とインポスター（偽物）どちらかにランダムで選ばれます。 クルーメイトは、タスクをこなし宇宙船を修理して脱出するか、インポスターを探し出し追放することができれば勝利。 インポスターは、クルーメイトを殺害し自分たちと人数が同数になれば勝利。   ゲーム中はマイクを切ってプレイします。 クルーメイトは周りの行動に注意しつつもタスクを早く終わらせることに集中し、 インポスターは様々な妨害工作を駆使してクルーメイトの妨害、殺害を行います。 怪しいプレイヤーもしくは死体を発見したら、 緊急会議を開き誰かインポスターか話し合いし、多数決で追放します。 クルーメイト、インポスター共にアリバイを作ることが勝利のカギになります！     Youtube  
